"filename","dimensions","transparency","placement","status"
"barstro-logo-transparent.png","1024 × 1024","Real alpha outside circle","All-page navigation and footer","Reuse approved file"
"barstro-space-background-desktop.png","2560 × 1440","Opaque","Desktop Home, Story and Buy hero backgrounds","Planned"
"barstro-space-background-mobile.png","1080 × 1920","Opaque","Mobile hero backgrounds","Planned"
"barstro-lunar-foreground-transparent.png","2560 × 500","Real alpha","Hero foreground and section dividers","Planned"
"barstro-hero-character-transparent.png","1600 × 1600","Real alpha","Home hero and Buy checklist; mascot hugging five bars","Planned"
"barstro-story-character-transparent.png","1600 × 1600","Real alpha","Story introduction; floating rescue pose","Planned"
"barstro-story-panel-01-dead-zone.png","1200 × 1200","Opaque","Home story teaser; Story comic and mission log","Planned"
"barstro-story-panel-02-into-orbit.png","1200 × 1200","Opaque","Story comic and mission log","Planned"
"barstro-story-panel-03-bars-rescued.png","1200 × 1200","Opaque","Story comic and mission log","Planned"
"barstro-buy-guide-character-transparent.png","1400 × 1400","Real alpha","Buy introduction; clipboard pose","Planned"
"barstro-community-character-transparent.png","1400 × 1400","Real alpha","Community hub on Home, Story and Community","Planned"
"barstro-peeking-character-transparent.png","900 × 900","Real alpha","Token-information and FAQ accents","Planned"
"barstro-mission-dead-zone-diaries.png","1200 × 900","Opaque","Community activity card; elevator scene","Planned"
"barstro-mission-rescue-a-bar.png","1200 × 900","Opaque","Community activity card; one-bar trophy","Planned"
"barstro-mission-caption-control.png","1200 × 900","Opaque","Community activity card and mission-log idea card","Planned"
"barstro-signal-bars-transparent.png","800 × 600","Real alpha","Five-bar rescue prop and decorative signal graphics","Planned"
"barstro-buy-wallet-icon.png","512 × 512","Real alpha","Buying-step card 1","Planned"
"barstro-buy-eth-icon.png","512 × 512","Real alpha","Buying-step card 2","Planned"
"barstro-buy-swap-icon.png","512 × 512","Real alpha","Buying-step card 3","Planned"
"barstro-favicon-32.png","32 × 32","Real alpha","Browser tab; derive from approved mascot/logo","Derive after feedback"
"barstro-apple-touch-icon.png","180 × 180","Opaque plum tile","iOS saved-site icon; derive from approved mascot/logo","Derive after feedback"

